記事要項シート,
,
メインKW,
,
Who（誰の・想定読者）,財布から偶然二千円札が出てきた人や、最近全く見かけないことに疑問を感じた人。また、珍しいお札として手に入れたい、あるいは価値が上がっているのではないかと期待しているコレクター予備軍。
"What
（何を解決する・読者の検索意図）",二千円札がなぜ流通しなくなったのかという根本的な理由を知りたい。また、現在でも店舗やATMで使えるのか、どこに行けば手に入るのか、将来的に価値が上がる可能性があるのかを確かめたい。
①コンテンツのゴール,二千円札が普及しなかった背景（社会的・技術的理由）を理解してもらい、現在の価値や具体的な入手方法、実生活での利便性を網羅的に伝えることで、読者のモヤモヤを完全に解消する。
②ユーザーの最高の結果,二千円札が消えた理由に納得し、手元にある札にプレミア価値があるかどうかを自分で判断できるようになる。さらに、入手したい場合には最短ルートがわかり、使う場合には迷わず使用できる状態になる。
How（どうやって解決する）,"1.沖縄サミットをきっかけとした発行経緯と、ATM改修コスト等の普及を阻んだ技術的要因を詳しく解説
2.なぜ沖縄県では現在も流通しているのかという地域的背景を説明
3.記番号（AA券など）や保存状態によるプレミア価値の基準を具体的に提示
4.2024年・2025年時点での最新の入手方法（銀行窓口、特定のATM、沖縄での両替など）を手順化して紹介"
この記事でしか得られない情報,ネットオークションやフリマアプリでの最新の取引傾向に基づいた、リアルな換金価値の目安。また、2024年以降の新紙幣発行に伴う二千円札の扱いや、沖縄以外で二千円札が出やすい穴場のATMスポット情報。
"クライアントへ確認する
可能性のある事項",
その他補足・連絡事項,